INDEX,AVG_PSNR,AVG_MSE
6,28.98810386657715,0.0019601671340099547
