INDEX,AVG_PSNR,AVG_MSE
6,28.5401611328125,0.002098452462814748
