train_loss,train_psnr,train_mse,val_loss,val_psnr,val_mse
0.048378927150183326,26.85386085510254,0.0021685976535081863,0.04579215721086652,28.829410552978516,0.0020673531107604504
