LOSS_FN,AVG_PSNR,AVG_MSE
MSE,28.38734130859375,0.002103213631635299
MAE+MSE,28.5401611328125,0.002098452462814748
MAE+SSIM,28.45027885437012,0.0021366190165281298
