INDEX,AVG_PSNR,AVG_MSE
6,29.227279663085938,0.0019217099761590362
