INDEX,AVG_PSNR,AVG_MSE
6,28.38734130859375,0.002103213631635299
