{
  "train_params": [
    {
      "epochs": 10,
      "steps": 8480,
      "val_steps": 2120,
      "val_freq": 1
    }
  ],
  "results": [
    {
      "val_loss": 0.0433057124686937,
      "val_psnr": 29.227279663085938,
      "val_mse": 0.0019217099761590362
    }
  ],
  "results_avg": {
    "val_loss": 0.0433057124686937,
    "val_psnr": 29.227279663085938,
    "val_mse": 0.0019217099761590362
  }
}
