,model,l_sigma0,l_sigma1,l_sigma2
0,baseline,[-4.178798266819546],[-3.598815931592669],[-1.8798277820859637]
1,trained,[-4.471604599271502],[-4.143690892628261],[-3.071909008707319]
