train_loss,train_psnr,val_loss,val_psnr
0.016215621135779658,20.85726547241211,0.0042339443825767376,24.306753158569336
