INDEX,AVG_PSNR,AVG_MSE
6,28.45027885437012,0.0021366190165281298
