INDEX,AVG_PSNR,AVG_MSE
6,22.95969581604004,0.005709027462882728
