{
  "train_params": [
    {
      "epochs": 1,
      "steps": 8480,
      "val_steps": 2120,
      "val_freq": 1
    }
  ],
  "results": [
    {
      "val_loss": 0.005709027462882728,
      "val_psnr": 22.95969581604004
    }
  ],
  "results_avg": {
    "val_loss": 0.005709027462882728,
    "val_psnr": 22.95969581604004
  }
}